"Status","Start Time","Stop Time","Duration in ms","Parent Suite","Suite","Sub Suite","Test Class","Test Method","Name","Description"
"failed","Thu Jul 30 03:54:29 UTC 2026","Thu Jul 30 03:54:31 UTC 2026","2097","EaseMyTrade Playwright Suite","Index Page Tests","com.easemytrade.tests.IndexPageTest","com.easemytrade.tests.IndexPageTest","testCommodityPageContent","Commodity pages load with commodity name present in body",""
"passed","Thu Jul 30 03:51:54 UTC 2026","Thu Jul 30 03:51:55 UTC 2026","1081","EaseMyTrade Playwright Suite","Login Page Tests","com.easemytrade.tests.LoginPageTest","com.easemytrade.tests.LoginPageTest","testMissingPasswordShowsError","Submitting with only username shows error about missing password",""
"passed","Thu Jul 30 03:51:36 UTC 2026","Thu Jul 30 03:51:36 UTC 2026","19","EaseMyTrade Playwright Suite","Login Page Tests","com.easemytrade.tests.LoginPageTest","com.easemytrade.tests.LoginPageTest","testBrandLogoLinksToHome","Login page brand logo links to home page",""
"passed","Thu Jul 30 03:51:03 UTC 2026","Thu Jul 30 03:51:04 UTC 2026","1268","EaseMyTrade Playwright Suite","Home Page Tests","com.easemytrade.tests.HomePageTest","com.easemytrade.tests.HomePageTest","testHeaderNavigation","Header navigation is visible with all links",""
"failed","Thu Jul 30 03:54:38 UTC 2026","Thu Jul 30 03:54:40 UTC 2026","2092","EaseMyTrade Playwright Suite","Index Page Tests","com.easemytrade.tests.IndexPageTest","com.easemytrade.tests.IndexPageTest","testCommodityPageNavigation","Commodity pages have navigation header with all links",""
"failed","Thu Jul 30 03:51:25 UTC 2026","Thu Jul 30 03:51:25 UTC 2026","159","EaseMyTrade Playwright Suite","Home Page Tests","com.easemytrade.tests.HomePageTest","com.easemytrade.tests.HomePageTest","testNiftyZoneSignalState","NIFTY zone signal state is one of the valid values",""
"passed","Thu Jul 30 03:53:34 UTC 2026","Thu Jul 30 03:53:38 UTC 2026","4409","EaseMyTrade Playwright Suite","Expert View Tests","com.easemytrade.tests.ExpertViewTest","com.easemytrade.tests.ExpertViewTest","testSearchExamplesUpdateStatus","Searching a stock from the quick examples returns a status update (not an error)",""
"passed","Thu Jul 30 03:52:04 UTC 2026","Thu Jul 30 03:52:04 UTC 2026","275","EaseMyTrade Playwright Suite","Signal Logic Tests","com.easemytrade.tests.SignalLogicTest","com.easemytrade.tests.SignalLogicTest","testConfidenceScoreRange","Confidence score shown on page must be between 0 and 100 percent",""
"passed","Thu Jul 30 03:53:00 UTC 2026","Thu Jul 30 03:53:01 UTC 2026","481","EaseMyTrade Playwright Suite","Expert View Tests","com.easemytrade.tests.ExpertViewTest","com.easemytrade.tests.ExpertViewTest","testHeroSectionContent","Expert View hero section is present with the AI Terminal headline",""
"passed","Thu Jul 30 03:58:12 UTC 2026","Thu Jul 30 03:59:16 UTC 2026","63623","EaseMyTrade Playwright Suite","Index Page Tests","com.easemytrade.tests.IndexPageTest","com.easemytrade.tests.IndexPageTest","testIndexSupportBelowResistance","NIFTY support is numerically less than resistance",""
"passed","Thu Jul 30 03:55:15 UTC 2026","Thu Jul 30 03:55:18 UTC 2026","3693","EaseMyTrade Playwright Suite","Index Page Tests","com.easemytrade.tests.IndexPageTest","com.easemytrade.tests.IndexPageTest","testIndexPageLoadsWithContent","Each index page loads with the index name in page content",""
"passed","Thu Jul 30 03:52:41 UTC 2026","Thu Jul 30 03:52:42 UTC 2026","1560","EaseMyTrade Playwright Suite","Expert View Tests","com.easemytrade.tests.ExpertViewTest","com.easemytrade.tests.ExpertViewTest","testEmptySearchDoesNotCrash","Searching an empty string does not crash or navigate away",""
"passed","Thu Jul 30 04:00:47 UTC 2026","Thu Jul 30 04:00:50 UTC 2026","3116","EaseMyTrade Playwright Suite","Content Pages Tests","com.easemytrade.tests.ContentPagesTest","com.easemytrade.tests.ContentPagesTest","testMethodologyPageLoads","Methodology page loads and contains content about signal logic",""
"passed","Thu Jul 30 03:55:59 UTC 2026","Thu Jul 30 03:56:01 UTC 2026","2411","EaseMyTrade Playwright Suite","Index Page Tests","com.easemytrade.tests.IndexPageTest","com.easemytrade.tests.IndexPageTest","testIndexPageTitle","Each index page has a title containing EaseMyTrade",""
"passed","Thu Jul 30 03:50:53 UTC 2026","Thu Jul 30 03:50:53 UTC 2026","145","EaseMyTrade Playwright Suite","Home Page Tests","com.easemytrade.tests.HomePageTest","com.easemytrade.tests.HomePageTest","testBankNiftyZoneSupportBelowResistance","BANKNIFTY zone: support level is numerically less than resistance level",""
"passed","Thu Jul 30 03:51:34 UTC 2026","Thu Jul 30 03:51:34 UTC 2026","198","EaseMyTrade Playwright Suite","Home Page Tests","com.easemytrade.tests.HomePageTest","com.easemytrade.tests.HomePageTest","testWatchlistNavigation","Market watchlist links navigate to correct pages",""
"passed","Thu Jul 30 03:50:03 UTC 2026","Thu Jul 30 03:50:07 UTC 2026","3483","EaseMyTrade Playwright Suite","Navigation Tests","com.easemytrade.tests.NavigationTest","com.easemytrade.tests.NavigationTest","testIndexPageLoads","All index pages (NIFTY, BANKNIFTY, FINNIFTY, SENSEX) load and contain index name in title/content",""
"passed","Thu Jul 30 03:50:42 UTC 2026","Thu Jul 30 03:50:45 UTC 2026","2759","EaseMyTrade Playwright Suite","Navigation Tests","com.easemytrade.tests.NavigationTest","com.easemytrade.tests.NavigationTest","testPublicPageLoads","All public pages load without errors and have expected title keywords",""
"passed","Thu Jul 30 03:53:20 UTC 2026","Thu Jul 30 03:53:22 UTC 2026","1985","EaseMyTrade Playwright Suite","Expert View Tests","com.easemytrade.tests.ExpertViewTest","com.easemytrade.tests.ExpertViewTest","testReportSections","Report contains sections for Trend, Momentum, Support & Resistance, and Risk",""
"passed","Thu Jul 30 03:50:30 UTC 2026","Thu Jul 30 03:50:30 UTC 2026","525","EaseMyTrade Playwright Suite","Navigation Tests","com.easemytrade.tests.NavigationTest","com.easemytrade.tests.NavigationTest","testPublicPageLoads","All public pages load without errors and have expected title keywords",""
"passed","Thu Jul 30 04:00:38 UTC 2026","Thu Jul 30 04:00:39 UTC 2026","1282","EaseMyTrade Playwright Suite","Content Pages Tests","com.easemytrade.tests.ContentPagesTest","com.easemytrade.tests.ContentPagesTest","testAllPagesHaveFooter","All major pages have a visible footer with the EaseMyTrade brand",""
"passed","Thu Jul 30 03:54:10 UTC 2026","Thu Jul 30 03:54:10 UTC 2026","159","EaseMyTrade Playwright Suite","Expert View Tests","com.easemytrade.tests.ExpertViewTest","com.easemytrade.tests.ExpertViewTest","testShortHorizonScopeAfterScan","Short Horizon Scope is shown after successful scan",""
"passed","Thu Jul 30 04:00:34 UTC 2026","Thu Jul 30 04:00:37 UTC 2026","2474","EaseMyTrade Playwright Suite","Content Pages Tests","com.easemytrade.tests.ContentPagesTest","com.easemytrade.tests.ContentPagesTest","testAllPagesHaveEaseMyTradeBranding","All major pages include EaseMyTrade in the page title",""
"passed","Thu Jul 30 03:51:32 UTC 2026","Thu Jul 30 03:51:33 UTC 2026","1226","EaseMyTrade Playwright Suite","Home Page Tests","com.easemytrade.tests.HomePageTest","com.easemytrade.tests.HomePageTest","testTradingZonesSectionVisible","Trading zones section is visible with all 4 index cards",""
"passed","Thu Jul 30 03:51:07 UTC 2026","Thu Jul 30 03:51:09 UTC 2026","1166","EaseMyTrade Playwright Suite","Home Page Tests","com.easemytrade.tests.HomePageTest","com.easemytrade.tests.HomePageTest","testHeroSection","Hero section is present with EaseMyTrade branding",""
"passed","Thu Jul 30 03:50:55 UTC 2026","Thu Jul 30 03:50:56 UTC 2026","1309","EaseMyTrade Playwright Suite","Home Page Tests","com.easemytrade.tests.HomePageTest","com.easemytrade.tests.HomePageTest","testCompletedTradesSection","Previous completed trades spotlight section is present",""
"passed","Thu Jul 30 03:50:25 UTC 2026","Thu Jul 30 03:50:29 UTC 2026","3696","EaseMyTrade Playwright Suite","Navigation Tests","com.easemytrade.tests.NavigationTest","com.easemytrade.tests.NavigationTest","testPublicPageLoads","All public pages load without errors and have expected title keywords",""
"passed","Thu Jul 30 04:00:26 UTC 2026","Thu Jul 30 04:00:29 UTC 2026","3680","EaseMyTrade Playwright Suite","Index Page Tests","com.easemytrade.tests.IndexPageTest","com.easemytrade.tests.IndexPageTest","testNiftySignalState","NIFTY page shows a valid signal state",""
"passed","Thu Jul 30 03:51:59 UTC 2026","Thu Jul 30 03:52:01 UTC 2026","1414","EaseMyTrade Playwright Suite","Signal Logic Tests","com.easemytrade.tests.SignalLogicTest","com.easemytrade.tests.SignalLogicTest","testAllZonesSupportBelowResistance","All index zone support levels must be strictly less than resistance levels",""
"passed","Thu Jul 30 03:53:42 UTC 2026","Thu Jul 30 03:53:47 UTC 2026","4491","EaseMyTrade Playwright Suite","Expert View Tests","com.easemytrade.tests.ExpertViewTest","com.easemytrade.tests.ExpertViewTest","testSearchExamplesUpdateStatus","Searching a stock from the quick examples returns a status update (not an error)",""
"passed","Thu Jul 30 03:49:53 UTC 2026","Thu Jul 30 03:49:54 UTC 2026","1146","EaseMyTrade Playwright Suite","Navigation Tests","com.easemytrade.tests.NavigationTest","com.easemytrade.tests.NavigationTest","testExpertViewNavLink","Expert View nav link navigates to the Expert View page",""
"passed","Thu Jul 30 03:51:43 UTC 2026","Thu Jul 30 03:51:51 UTC 2026","8450","EaseMyTrade Playwright Suite","Login Page Tests","com.easemytrade.tests.LoginPageTest","com.easemytrade.tests.LoginPageTest","testLoginCooldownAfterMaxAttempts","After 4 failed attempts, login is temporarily locked (cooldown message appears)",""
"passed","Thu Jul 30 03:53:26 UTC 2026","Thu Jul 30 03:53:30 UTC 2026","4466","EaseMyTrade Playwright Suite","Expert View Tests","com.easemytrade.tests.ExpertViewTest","com.easemytrade.tests.ExpertViewTest","testSearchExamplesUpdateStatus","Searching a stock from the quick examples returns a status update (not an error)",""
"passed","Thu Jul 30 04:00:41 UTC 2026","Thu Jul 30 04:00:42 UTC 2026","829","EaseMyTrade Playwright Suite","Content Pages Tests","com.easemytrade.tests.ContentPagesTest","com.easemytrade.tests.ContentPagesTest","testContactPageLoads","Contact page loads and shows contact information",""
"passed","Thu Jul 30 04:00:31 UTC 2026","Thu Jul 30 04:00:33 UTC 2026","2419","EaseMyTrade Playwright Suite","Index Page Tests","com.easemytrade.tests.IndexPageTest","com.easemytrade.tests.IndexPageTest","testNiftyTradeGeometry","NIFTY page: when entry, stop, and target are shown, buy signal geometry must be valid",""
"passed","Thu Jul 30 03:50:58 UTC 2026","Thu Jul 30 03:50:58 UTC 2026","197","EaseMyTrade Playwright Suite","Home Page Tests","com.easemytrade.tests.HomePageTest","com.easemytrade.tests.HomePageTest","testFinniftyZoneSupportBelowResistance","FINNIFTY zone: support level is numerically less than resistance level",""
"failed","Thu Jul 30 03:54:33 UTC 2026","Thu Jul 30 03:54:35 UTC 2026","2094","EaseMyTrade Playwright Suite","Index Page Tests","com.easemytrade.tests.IndexPageTest","com.easemytrade.tests.IndexPageTest","testCommodityPageNavigation","Commodity pages have navigation header with all links",""
"passed","Thu Jul 30 04:00:58 UTC 2026","Thu Jul 30 04:01:01 UTC 2026","2701","EaseMyTrade Playwright Suite","Content Pages Tests","com.easemytrade.tests.ContentPagesTest","com.easemytrade.tests.ContentPagesTest","testTelegramPageLoads","Telegram page loads with main content",""
"failed","Thu Jul 30 03:49:44 UTC 2026","Thu Jul 30 03:49:46 UTC 2026","2226","EaseMyTrade Playwright Suite","Navigation Tests","com.easemytrade.tests.NavigationTest","com.easemytrade.tests.NavigationTest","testCommodityPageLoads","All commodity pages load with the commodity name in page title or body",""
"passed","Thu Jul 30 03:50:08 UTC 2026","Thu Jul 30 03:50:11 UTC 2026","3599","EaseMyTrade Playwright Suite","Navigation Tests","com.easemytrade.tests.NavigationTest","com.easemytrade.tests.NavigationTest","testIndexPageLoads","All index pages (NIFTY, BANKNIFTY, FINNIFTY, SENSEX) load and contain index name in title/content",""
"passed","Thu Jul 30 03:55:24 UTC 2026","Thu Jul 30 03:55:28 UTC 2026","3609","EaseMyTrade Playwright Suite","Index Page Tests","com.easemytrade.tests.IndexPageTest","com.easemytrade.tests.IndexPageTest","testIndexPageLoadsWithContent","Each index page loads with the index name in page content",""
"passed","Thu Jul 30 03:52:35 UTC 2026","Thu Jul 30 03:52:37 UTC 2026","2073","EaseMyTrade Playwright Suite","Expert View Tests","com.easemytrade.tests.ExpertViewTest","com.easemytrade.tests.ExpertViewTest","testDashboardMetricsAfterScan","After a successful scan, dashboard metrics (Confidence Meter, Bias, Recommendation) are visible",""
"passed","Thu Jul 30 04:01:01 UTC 2026","Thu Jul 30 04:01:02 UTC 2026","744","EaseMyTrade Playwright Suite","Content Pages Tests","com.easemytrade.tests.ContentPagesTest","com.easemytrade.tests.ContentPagesTest","testTelegramStatusPageLoads","Telegram status page loads without 404",""
"passed","Thu Jul 30 03:55:55 UTC 2026","Thu Jul 30 03:55:58 UTC 2026","2474","EaseMyTrade Playwright Suite","Index Page Tests","com.easemytrade.tests.IndexPageTest","com.easemytrade.tests.IndexPageTest","testIndexPageTitle","Each index page has a title containing EaseMyTrade",""
"passed","Thu Jul 30 03:52:11 UTC 2026","Thu Jul 30 03:52:11 UTC 2026","228","EaseMyTrade Playwright Suite","Signal Logic Tests","com.easemytrade.tests.SignalLogicTest","com.easemytrade.tests.SignalLogicTest","testMinimumRiskRewardRatio","Risk-reward ratio is at least 2.2R for all active Trade Signal entries",""
"passed","Thu Jul 30 03:53:10 UTC 2026","Thu Jul 30 03:53:10 UTC 2026","22","EaseMyTrade Playwright Suite","Expert View Tests","com.easemytrade.tests.ExpertViewTest","com.easemytrade.tests.ExpertViewTest","testInitialStatusMessage","Initial status message is present before any search",""
"passed","Thu Jul 30 03:54:13 UTC 2026","Thu Jul 30 03:54:14 UTC 2026","547","EaseMyTrade Playwright Suite","Expert View Tests","com.easemytrade.tests.ExpertViewTest","com.easemytrade.tests.ExpertViewTest","testUniverseDropdownOptions","Universe dropdown opens and shows all option groups",""
"passed","Thu Jul 30 03:51:57 UTC 2026","Thu Jul 30 03:51:58 UTC 2026","1257","EaseMyTrade Playwright Suite","Signal Logic Tests","com.easemytrade.tests.SignalLogicTest","com.easemytrade.tests.SignalLogicTest","testAllIndexZonesHaveSignalData","Signal engine supports all four index zones on the home page",""
"failed","Thu Jul 30 03:54:35 UTC 2026","Thu Jul 30 03:54:38 UTC 2026","2206","EaseMyTrade Playwright Suite","Index Page Tests","com.easemytrade.tests.IndexPageTest","com.easemytrade.tests.IndexPageTest","testCommodityPageNavigation","Commodity pages have navigation header with all links",""
"passed","Thu Jul 30 04:00:42 UTC 2026","Thu Jul 30 04:00:42 UTC 2026","371","EaseMyTrade Playwright Suite","Content Pages Tests","com.easemytrade.tests.ContentPagesTest","com.easemytrade.tests.ContentPagesTest","testDisclaimerEducationalStatement","Disclaimer page explicitly states content is for educational/informational purposes only",""
"passed","Thu Jul 30 03:52:45 UTC 2026","Thu Jul 30 03:52:45 UTC 2026","474","EaseMyTrade Playwright Suite","Expert View Tests","com.easemytrade.tests.ExpertViewTest","com.easemytrade.tests.ExpertViewTest","testExampleChipsPresent","Example ticker chips are present (Reliance, TCS, HDFC Bank, INFY, SBIN)",""
"passed","Thu Jul 30 03:54:20 UTC 2026","Thu Jul 30 03:54:20 UTC 2026","576","EaseMyTrade Playwright Suite","Expert View Tests","com.easemytrade.tests.ExpertViewTest","com.easemytrade.tests.ExpertViewTest","testUniverseSelectionUpdatesLabel","Selecting NIFTY 50 universe updates the dropdown summary text",""
"passed","Thu Jul 30 03:55:33 UTC 2026","Thu Jul 30 03:55:36 UTC 2026","2432","EaseMyTrade Playwright Suite","Index Page Tests","com.easemytrade.tests.IndexPageTest","com.easemytrade.tests.IndexPageTest","testIndexPageNavigation","Index pages have fully functional navigation header",""
"passed","Thu Jul 30 03:52:54 UTC 2026","Thu Jul 30 03:52:56 UTC 2026","2021","EaseMyTrade Playwright Suite","Expert View Tests","com.easemytrade.tests.ExpertViewTest","com.easemytrade.tests.ExpertViewTest","testFiveAiRobotCardsVisible","Expert View AI systems section shows five robot cards after a scan",""
"passed","Thu Jul 30 03:51:55 UTC 2026","Thu Jul 30 03:51:55 UTC 2026","23","EaseMyTrade Playwright Suite","Login Page Tests","com.easemytrade.tests.LoginPageTest","com.easemytrade.tests.LoginPageTest","testPasswordIsHiddenByDefault","Password field type is 'password' by default (hidden)",""
"passed","Thu Jul 30 04:00:51 UTC 2026","Thu Jul 30 04:00:53 UTC 2026","2433","EaseMyTrade Playwright Suite","Content Pages Tests","com.easemytrade.tests.ContentPagesTest","com.easemytrade.tests.ContentPagesTest","testNewsPageHasHeadings","News page contains at least one heading",""
"passed","Thu Jul 30 03:56:03 UTC 2026","Thu Jul 30 03:57:06 UTC 2026","63634","EaseMyTrade Playwright Suite","Index Page Tests","com.easemytrade.tests.IndexPageTest","com.easemytrade.tests.IndexPageTest","testIndexSupportBelowResistance","NIFTY support is numerically less than resistance",""
"passed","Thu Jul 30 03:51:06 UTC 2026","Thu Jul 30 03:51:06 UTC 2026","138","EaseMyTrade Playwright Suite","Home Page Tests","com.easemytrade.tests.HomePageTest","com.easemytrade.tests.HomePageTest","testHeroCallToActionButtons","Hero CTA buttons are present and correctly linked",""
"passed","Thu Jul 30 03:50:31 UTC 2026","Thu Jul 30 03:50:34 UTC 2026","2966","EaseMyTrade Playwright Suite","Navigation Tests","com.easemytrade.tests.NavigationTest","com.easemytrade.tests.NavigationTest","testPublicPageLoads","All public pages load without errors and have expected title keywords",""
"passed","Thu Jul 30 03:51:52 UTC 2026","Thu Jul 30 03:51:52 UTC 2026","173","EaseMyTrade Playwright Suite","Login Page Tests","com.easemytrade.tests.LoginPageTest","com.easemytrade.tests.LoginPageTest","testLoginFormPresence","Login form elements are present: username, password, submit, logout",""
"passed","Thu Jul 30 03:51:17 UTC 2026","Thu Jul 30 03:51:17 UTC 2026","137","EaseMyTrade Playwright Suite","Home Page Tests","com.easemytrade.tests.HomePageTest","com.easemytrade.tests.HomePageTest","testLiveClockPresence","IST live clock element is present in the navigation",""
"passed","Thu Jul 30 03:53:07 UTC 2026","Thu Jul 30 03:53:07 UTC 2026","29","EaseMyTrade Playwright Suite","Expert View Tests","com.easemytrade.tests.ExpertViewTest","com.easemytrade.tests.ExpertViewTest","testInitialReportAreaEmpty","Report area shows the empty 'Waiting for an asset' card before any search",""
"passed","Thu Jul 30 03:51:52 UTC 2026","Thu Jul 30 03:51:53 UTC 2026","159","EaseMyTrade Playwright Suite","Login Page Tests","com.easemytrade.tests.LoginPageTest","com.easemytrade.tests.LoginPageTest","testLoginNextQueryParam","Login redirect preserves 'next' query parameter destination",""
"passed","Thu Jul 30 03:52:20 UTC 2026","Thu Jul 30 03:52:20 UTC 2026","171","EaseMyTrade Playwright Suite","Expert View Tests","com.easemytrade.tests.ExpertViewTest","com.easemytrade.tests.ExpertViewTest","testAiRecommendationIsValid","AI Recommendation must be one of the expected verdict values",""
"passed","Thu Jul 30 03:52:08 UTC 2026","Thu Jul 30 03:52:08 UTC 2026","182","EaseMyTrade Playwright Suite","Signal Logic Tests","com.easemytrade.tests.SignalLogicTest","com.easemytrade.tests.SignalLogicTest","testLiveMarketApiReturnsValidStructure","Live market API returns valid JSON with required index fields",""
"passed","Thu Jul 30 03:59:17 UTC 2026","Thu Jul 30 04:00:20 UTC 2026","63457","EaseMyTrade Playwright Suite","Index Page Tests","com.easemytrade.tests.IndexPageTest","com.easemytrade.tests.IndexPageTest","testIndexSupportBelowResistance","NIFTY support is numerically less than resistance",""
"failed","Thu Jul 30 03:54:40 UTC 2026","Thu Jul 30 03:54:42 UTC 2026","2088","EaseMyTrade Playwright Suite","Index Page Tests","com.easemytrade.tests.IndexPageTest","com.easemytrade.tests.IndexPageTest","testCommodityPageNavigation","Commodity pages have navigation header with all links",""
"passed","Thu Jul 30 03:50:48 UTC 2026","Thu Jul 30 03:50:51 UTC 2026","2698","EaseMyTrade Playwright Suite","Navigation Tests","com.easemytrade.tests.NavigationTest","com.easemytrade.tests.NavigationTest","testPublicPageLoads","All public pages load without errors and have expected title keywords",""
"passed","Thu Jul 30 03:55:52 UTC 2026","Thu Jul 30 03:55:54 UTC 2026","2419","EaseMyTrade Playwright Suite","Index Page Tests","com.easemytrade.tests.IndexPageTest","com.easemytrade.tests.IndexPageTest","testIndexPageTitle","Each index page has a title containing EaseMyTrade",""
"failed","Thu Jul 30 03:49:51 UTC 2026","Thu Jul 30 03:49:53 UTC 2026","2125","EaseMyTrade Playwright Suite","Navigation Tests","com.easemytrade.tests.NavigationTest","com.easemytrade.tests.NavigationTest","testCommodityPageLoads","All commodity pages load with the commodity name in page title or body",""
"passed","Thu Jul 30 04:00:54 UTC 2026","Thu Jul 30 04:00:57 UTC 2026","3207","EaseMyTrade Playwright Suite","Content Pages Tests","com.easemytrade.tests.ContentPagesTest","com.easemytrade.tests.ContentPagesTest","testNewsPageLoads","News page loads with main content area",""
"passed","Thu Jul 30 03:50:17 UTC 2026","Thu Jul 30 03:50:18 UTC 2026","1021","EaseMyTrade Playwright Suite","Navigation Tests","com.easemytrade.tests.NavigationTest","com.easemytrade.tests.NavigationTest","testIndianIndicesDropdownLinks","Indian Indices dropdown contains exactly NIFTY, BANKNIFTY, FINNIFTY, SENSEX",""
"passed","Thu Jul 30 03:50:12 UTC 2026","Thu Jul 30 03:50:16 UTC 2026","3724","EaseMyTrade Playwright Suite","Navigation Tests","com.easemytrade.tests.NavigationTest","com.easemytrade.tests.NavigationTest","testIndexPageLoads","All index pages (NIFTY, BANKNIFTY, FINNIFTY, SENSEX) load and contain index name in title/content",""
"passed","Thu Jul 30 03:51:36 UTC 2026","Thu Jul 30 03:51:38 UTC 2026","1202","EaseMyTrade Playwright Suite","Login Page Tests","com.easemytrade.tests.LoginPageTest","com.easemytrade.tests.LoginPageTest","testEmptyFormSubmissionShowsError","Submitting empty form shows an error status message",""
"passed","Thu Jul 30 03:51:39 UTC 2026","Thu Jul 30 03:51:42 UTC 2026","3241","EaseMyTrade Playwright Suite","Login Page Tests","com.easemytrade.tests.LoginPageTest","com.easemytrade.tests.LoginPageTest","testInvalidCredentialsShowError","Invalid credentials show an error status",""
"passed","Thu Jul 30 03:57:07 UTC 2026","Thu Jul 30 03:58:11 UTC 2026","63619","EaseMyTrade Playwright Suite","Index Page Tests","com.easemytrade.tests.IndexPageTest","com.easemytrade.tests.IndexPageTest","testIndexSupportBelowResistance","NIFTY support is numerically less than resistance",""
"passed","Thu Jul 30 04:00:40 UTC 2026","Thu Jul 30 04:00:40 UTC 2026","382","EaseMyTrade Playwright Suite","Content Pages Tests","com.easemytrade.tests.ContentPagesTest","com.easemytrade.tests.ContentPagesTest","testContactPageHasParagraphs","Contact page paragraphs are non-empty",""
"passed","Thu Jul 30 03:51:21 UTC 2026","Thu Jul 30 03:51:21 UTC 2026","144","EaseMyTrade Playwright Suite","Home Page Tests","com.easemytrade.tests.HomePageTest","com.easemytrade.tests.HomePageTest","testMarketTickerPresence","Live market ticker strip is present in the header area",""
"passed","Thu Jul 30 03:52:29 UTC 2026","Thu Jul 30 03:52:29 UTC 2026","22","EaseMyTrade Playwright Suite","Expert View Tests","com.easemytrade.tests.ExpertViewTest","com.easemytrade.tests.ExpertViewTest","testBestPickNavButtonsPresent","Best Pick navigation buttons (Prev/Next) are present",""
"passed","Thu Jul 30 03:49:41 UTC 2026","Thu Jul 30 03:49:42 UTC 2026","1429","EaseMyTrade Playwright Suite","Navigation Tests","com.easemytrade.tests.NavigationTest","com.easemytrade.tests.NavigationTest","testAllNavLinksHaveHrefs","All nav links have valid non-empty href attributes",""
"passed","Thu Jul 30 03:50:51 UTC 2026","Thu Jul 30 03:50:52 UTC 2026","834","EaseMyTrade Playwright Suite","Navigation Tests","com.easemytrade.tests.NavigationTest","com.easemytrade.tests.NavigationTest","testTitleFormatConsistency","Page title format is consistent: '{Page Name} | EaseMyTrade'",""
"failed","Thu Jul 30 03:49:48 UTC 2026","Thu Jul 30 03:49:50 UTC 2026","2098","EaseMyTrade Playwright Suite","Navigation Tests","com.easemytrade.tests.NavigationTest","com.easemytrade.tests.NavigationTest","testCommodityPageLoads","All commodity pages load with the commodity name in page title or body",""
"passed","Thu Jul 30 03:49:58 UTC 2026","Thu Jul 30 03:50:02 UTC 2026","3540","EaseMyTrade Playwright Suite","Navigation Tests","com.easemytrade.tests.NavigationTest","com.easemytrade.tests.NavigationTest","testIndexPageLoads","All index pages (NIFTY, BANKNIFTY, FINNIFTY, SENSEX) load and contain index name in title/content",""
"passed","Thu Jul 30 03:54:07 UTC 2026","Thu Jul 30 03:54:07 UTC 2026","469","EaseMyTrade Playwright Suite","Expert View Tests","com.easemytrade.tests.ExpertViewTest","com.easemytrade.tests.ExpertViewTest","testSearchFormElements","Search form is present with input, Generate Report, and Best Pick buttons",""
"passed","Thu Jul 30 03:55:29 UTC 2026","Thu Jul 30 03:55:32 UTC 2026","3547","EaseMyTrade Playwright Suite","Index Page Tests","com.easemytrade.tests.IndexPageTest","com.easemytrade.tests.IndexPageTest","testIndexPageLoadsWithContent","Each index page loads with the index name in page content",""
"passed","Thu Jul 30 03:53:04 UTC 2026","Thu Jul 30 03:53:04 UTC 2026","23","EaseMyTrade Playwright Suite","Expert View Tests","com.easemytrade.tests.ExpertViewTest","com.easemytrade.tests.ExpertViewTest","testInitialHeroMetricsState","Initial hero metrics show awaiting scan state",""
"passed","Thu Jul 30 03:51:14 UTC 2026","Thu Jul 30 03:51:15 UTC 2026","1343","EaseMyTrade Playwright Suite","Home Page Tests","com.easemytrade.tests.HomePageTest","com.easemytrade.tests.HomePageTest","testIndianIndicesDropdown","Indian Indices dropdown in nav reveals NIFTY, BANKNIFTY, FINNIFTY, SENSEX links",""
"passed","Thu Jul 30 03:52:48 UTC 2026","Thu Jul 30 03:52:49 UTC 2026","169","EaseMyTrade Playwright Suite","Expert View Tests","com.easemytrade.tests.ExpertViewTest","com.easemytrade.tests.ExpertViewTest","testExpertViewConfidenceScoreRange","Confidence score from Expert View scan must be between 0 and 100 percent",""
"passed","Thu Jul 30 03:50:19 UTC 2026","Thu Jul 30 03:50:22 UTC 2026","2198","EaseMyTrade Playwright Suite","Navigation Tests","com.easemytrade.tests.NavigationTest","com.easemytrade.tests.NavigationTest","testLogoNavigatesToHome","Brand logo from home page navigates back to home when clicked",""
"passed","Thu Jul 30 03:50:34 UTC 2026","Thu Jul 30 03:50:37 UTC 2026","3102","EaseMyTrade Playwright Suite","Navigation Tests","com.easemytrade.tests.NavigationTest","com.easemytrade.tests.NavigationTest","testPublicPageLoads","All public pages load without errors and have expected title keywords",""
"passed","Thu Jul 30 04:00:44 UTC 2026","Thu Jul 30 04:00:46 UTC 2026","2354","EaseMyTrade Playwright Suite","Content Pages Tests","com.easemytrade.tests.ContentPagesTest","com.easemytrade.tests.ContentPagesTest","testMethodologyPageContent","Methodology page references key signal concepts",""
"passed","Thu Jul 30 03:53:15 UTC 2026","Thu Jul 30 03:53:16 UTC 2026","701","EaseMyTrade Playwright Suite","Expert View Tests","com.easemytrade.tests.ExpertViewTest","com.easemytrade.tests.ExpertViewTest","testReportGenerationForReliance","Searching for 'Reliance' generates a report with analysis cards",""
"passed","Thu Jul 30 03:51:18 UTC 2026","Thu Jul 30 03:51:20 UTC 2026","1212","EaseMyTrade Playwright Suite","Home Page Tests","com.easemytrade.tests.HomePageTest","com.easemytrade.tests.HomePageTest","testMarketDriversPanel","Market drivers panel is present",""
"failed","Thu Jul 30 03:54:31 UTC 2026","Thu Jul 30 03:54:33 UTC 2026","2089","EaseMyTrade Playwright Suite","Index Page Tests","com.easemytrade.tests.IndexPageTest","com.easemytrade.tests.IndexPageTest","testCommodityPageContent","Commodity pages load with commodity name present in body",""
"failed","Thu Jul 30 03:52:13 UTC 2026","Thu Jul 30 03:52:13 UTC 2026","106","EaseMyTrade Playwright Suite","Signal Logic Tests","com.easemytrade.tests.SignalLogicTest","com.easemytrade.tests.SignalLogicTest","testNiftySignalStateIsValid","NIFTY zone signal state is one of the valid engine states",""
"passed","Thu Jul 30 03:53:59 UTC 2026","Thu Jul 30 03:54:03 UTC 2026","4497","EaseMyTrade Playwright Suite","Expert View Tests","com.easemytrade.tests.ExpertViewTest","com.easemytrade.tests.ExpertViewTest","testSearchExamplesUpdateStatus","Searching a stock from the quick examples returns a status update (not an error)",""
"passed","Thu Jul 30 03:53:50 UTC 2026","Thu Jul 30 03:53:55 UTC 2026","4464","EaseMyTrade Playwright Suite","Expert View Tests","com.easemytrade.tests.ExpertViewTest","com.easemytrade.tests.ExpertViewTest","testSearchExamplesUpdateStatus","Searching a stock from the quick examples returns a status update (not an error)",""
"passed","Thu Jul 30 03:54:21 UTC 2026","Thu Jul 30 03:54:23 UTC 2026","2428","EaseMyTrade Playwright Suite","Index Page Tests","com.easemytrade.tests.IndexPageTest","com.easemytrade.tests.IndexPageTest","testBankNiftySignalState","BANKNIFTY page shows a valid signal state",""
"passed","Thu Jul 30 03:52:02 UTC 2026","Thu Jul 30 03:52:02 UTC 2026","198","EaseMyTrade Playwright Suite","Signal Logic Tests","com.easemytrade.tests.SignalLogicTest","com.easemytrade.tests.SignalLogicTest","testBuySignalGeometryFromJson","When signal is Trade Signal: stop loss must be below entry and target must be above entry (buy)",""
"passed","Thu Jul 30 04:00:43 UTC 2026","Thu Jul 30 04:00:43 UTC 2026","745","EaseMyTrade Playwright Suite","Content Pages Tests","com.easemytrade.tests.ContentPagesTest","com.easemytrade.tests.ContentPagesTest","testDisclaimerPageLoads","Disclaimer page loads with educational disclaimer content",""
"passed","Thu Jul 30 03:51:42 UTC 2026","Thu Jul 30 03:51:42 UTC 2026","18","EaseMyTrade Playwright Suite","Login Page Tests","com.easemytrade.tests.LoginPageTest","com.easemytrade.tests.LoginPageTest","testLoginBodyAttribute","Login page has data-page='login' body attribute",""
"passed","Thu Jul 30 03:55:48 UTC 2026","Thu Jul 30 03:55:50 UTC 2026","2424","EaseMyTrade Playwright Suite","Index Page Tests","com.easemytrade.tests.IndexPageTest","com.easemytrade.tests.IndexPageTest","testIndexPageTitle","Each index page has a title containing EaseMyTrade",""
"passed","Thu Jul 30 03:50:23 UTC 2026","Thu Jul 30 03:50:23 UTC 2026","104","EaseMyTrade Playwright Suite","Navigation Tests","com.easemytrade.tests.NavigationTest","com.easemytrade.tests.NavigationTest","testMarketOverviewRedirect","Market overview redirect page eventually lands on home or market content",""
"passed","Thu Jul 30 03:52:23 UTC 2026","Thu Jul 30 03:52:26 UTC 2026","2529","EaseMyTrade Playwright Suite","Expert View Tests","com.easemytrade.tests.ExpertViewTest","com.easemytrade.tests.ExpertViewTest","testBestPickButtonInitiatesScan","Best Pick button initiates a scan for the selected universe",""
"passed","Thu Jul 30 03:52:52 UTC 2026","Thu Jul 30 03:52:52 UTC 2026","1","EaseMyTrade Playwright Suite","Expert View Tests","com.easemytrade.tests.ExpertViewTest","com.easemytrade.tests.ExpertViewTest","testExpertViewPageTitle","Expert View page loads with correct title",""
"passed","Thu Jul 30 03:49:54 UTC 2026","Thu Jul 30 03:49:56 UTC 2026","1096","EaseMyTrade Playwright Suite","Navigation Tests","com.easemytrade.tests.NavigationTest","com.easemytrade.tests.NavigationTest","testFooterDisclaimerNavigation","Disclaimer link in footer navigates to the disclaimer page",""
"passed","Thu Jul 30 03:54:42 UTC 2026","Thu Jul 30 03:55:14 UTC 2026","32151","EaseMyTrade Playwright Suite","Index Page Tests","com.easemytrade.tests.IndexPageTest","com.easemytrade.tests.IndexPageTest","testGoldPriceIsPositive","Gold commodity page shows a positive price value",""
"passed","Thu Jul 30 03:55:37 UTC 2026","Thu Jul 30 03:55:40 UTC 2026","2509","EaseMyTrade Playwright Suite","Index Page Tests","com.easemytrade.tests.IndexPageTest","com.easemytrade.tests.IndexPageTest","testIndexPageNavigation","Index pages have fully functional navigation header",""
"passed","Thu Jul 30 03:51:27 UTC 2026","Thu Jul 30 03:51:27 UTC 2026","129","EaseMyTrade Playwright Suite","Home Page Tests","com.easemytrade.tests.HomePageTest","com.easemytrade.tests.HomePageTest","testNiftyZoneSupportBelowResistance","NIFTY zone: support level is numerically less than resistance level",""
"passed","Thu Jul 30 03:51:56 UTC 2026","Thu Jul 30 03:51:56 UTC 2026","249","EaseMyTrade Playwright Suite","Login Page Tests","com.easemytrade.tests.LoginPageTest","com.easemytrade.tests.LoginPageTest","testPasswordToggleVisibility","Toggling password show/hide changes input type",""
"passed","Thu Jul 30 03:50:38 UTC 2026","Thu Jul 30 03:50:41 UTC 2026","3144","EaseMyTrade Playwright Suite","Navigation Tests","com.easemytrade.tests.NavigationTest","com.easemytrade.tests.NavigationTest","testPublicPageLoads","All public pages load without errors and have expected title keywords",""
"failed","Thu Jul 30 03:54:27 UTC 2026","Thu Jul 30 03:54:29 UTC 2026","2088","EaseMyTrade Playwright Suite","Index Page Tests","com.easemytrade.tests.IndexPageTest","com.easemytrade.tests.IndexPageTest","testCommodityPageContent","Commodity pages load with commodity name present in body",""
"passed","Thu Jul 30 03:50:45 UTC 2026","Thu Jul 30 03:50:48 UTC 2026","2847","EaseMyTrade Playwright Suite","Navigation Tests","com.easemytrade.tests.NavigationTest","com.easemytrade.tests.NavigationTest","testPublicPageLoads","All public pages load without errors and have expected title keywords",""
"passed","Thu Jul 30 03:55:19 UTC 2026","Thu Jul 30 03:55:23 UTC 2026","3588","EaseMyTrade Playwright Suite","Index Page Tests","com.easemytrade.tests.IndexPageTest","com.easemytrade.tests.IndexPageTest","testIndexPageLoadsWithContent","Each index page loads with the index name in page content",""
"passed","Thu Jul 30 03:49:56 UTC 2026","Thu Jul 30 03:49:57 UTC 2026","1434","EaseMyTrade Playwright Suite","Navigation Tests","com.easemytrade.tests.NavigationTest","com.easemytrade.tests.NavigationTest","testHomeOpenMarketOverviewCta","Home page open market overview CTA scrolls to or navigates to market overview section",""
"failed","Thu Jul 30 03:54:24 UTC 2026","Thu Jul 30 03:54:26 UTC 2026","2142","EaseMyTrade Playwright Suite","Index Page Tests","com.easemytrade.tests.IndexPageTest","com.easemytrade.tests.IndexPageTest","testCommodityPageContent","Commodity pages load with commodity name present in body",""
"passed","Thu Jul 30 03:51:01 UTC 2026","Thu Jul 30 03:51:01 UTC 2026","183","EaseMyTrade Playwright Suite","Home Page Tests","com.easemytrade.tests.HomePageTest","com.easemytrade.tests.HomePageTest","testFooterPresence","Footer is present with disclaimer link",""
"passed","Thu Jul 30 03:51:12 UTC 2026","Thu Jul 30 03:51:12 UTC 2026","0","EaseMyTrade Playwright Suite","Home Page Tests","com.easemytrade.tests.HomePageTest","com.easemytrade.tests.HomePageTest","testHomePageUrl","Home page URL matches expected base URL",""
"passed","Thu Jul 30 03:50:59 UTC 2026","Thu Jul 30 03:51:00 UTC 2026","109","EaseMyTrade Playwright Suite","Home Page Tests","com.easemytrade.tests.HomePageTest","com.easemytrade.tests.HomePageTest","testFooterDisclaimerLinkHref","Footer disclaimer link points to /disclaimer/",""
"passed","Thu Jul 30 03:50:23 UTC 2026","Thu Jul 30 03:50:24 UTC 2026","1124","EaseMyTrade Playwright Suite","Navigation Tests","com.easemytrade.tests.NavigationTest","com.easemytrade.tests.NavigationTest","testNewsNavLink","News nav link navigates to the News page",""
"passed","Thu Jul 30 03:52:32 UTC 2026","Thu Jul 30 03:52:32 UTC 2026","79","EaseMyTrade Playwright Suite","Expert View Tests","com.easemytrade.tests.ExpertViewTest","com.easemytrade.tests.ExpertViewTest","testChipFillsSearchInput","Clicking a quick-chip fills the search input with that stock name",""
"passed","Thu Jul 30 03:52:09 UTC 2026","Thu Jul 30 03:52:10 UTC 2026","81","EaseMyTrade Playwright Suite","Signal Logic Tests","com.easemytrade.tests.SignalLogicTest","com.easemytrade.tests.SignalLogicTest","testMarketDataHasRequiredSignalFields","Market JSON data file has required fields for signal engine",""
"passed","Thu Jul 30 03:51:28 UTC 2026","Thu Jul 30 03:51:28 UTC 2026","148","EaseMyTrade Playwright Suite","Home Page Tests","com.easemytrade.tests.HomePageTest","com.easemytrade.tests.HomePageTest","testPulseChartPresence","Hero pulse chart canvas element is rendered",""
"passed","Thu Jul 30 03:52:17 UTC 2026","Thu Jul 30 03:52:17 UTC 2026","146","EaseMyTrade Playwright Suite","Signal Logic Tests","com.easemytrade.tests.SignalLogicTest","com.easemytrade.tests.SignalLogicTest","testSessionGuardCompletedTradesLimit","Session guard logic: verify completed trades count is within daily limit (max 2)",""
"passed","Thu Jul 30 03:51:38 UTC 2026","Thu Jul 30 03:51:38 UTC 2026","21","EaseMyTrade Playwright Suite","Login Page Tests","com.easemytrade.tests.LoginPageTest","com.easemytrade.tests.LoginPageTest","testHeroHeadingPresent","Login page has hero heading describing protected access",""
"passed","Thu Jul 30 03:51:30 UTC 2026","Thu Jul 30 03:51:30 UTC 2026","159","EaseMyTrade Playwright Suite","Home Page Tests","com.easemytrade.tests.HomePageTest","com.easemytrade.tests.HomePageTest","testSensexZoneSupportBelowResistance","SENSEX zone: support level is numerically less than resistance level",""
"failed","Thu Jul 30 03:51:23 UTC 2026","Thu Jul 30 03:51:23 UTC 2026","262","EaseMyTrade Playwright Suite","Home Page Tests","com.easemytrade.tests.HomePageTest","com.easemytrade.tests.HomePageTest","testMarketWatchlistInstruments","Market watchlist shows all tracked instruments",""
"passed","Thu Jul 30 04:00:21 UTC 2026","Thu Jul 30 04:00:25 UTC 2026","3679","EaseMyTrade Playwright Suite","Index Page Tests","com.easemytrade.tests.IndexPageTest","com.easemytrade.tests.IndexPageTest","testNiftyCompletedTradeCards","Index pages show completed trade review cards (historical records)",""
"passed","Thu Jul 30 03:53:13 UTC 2026","Thu Jul 30 03:53:13 UTC 2026","20","EaseMyTrade Playwright Suite","Expert View Tests","com.easemytrade.tests.ExpertViewTest","com.easemytrade.tests.ExpertViewTest","testPageBodyAttribute","Expert View page body has correct data-page attribute",""
"passed","Thu Jul 30 03:55:44 UTC 2026","Thu Jul 30 03:55:47 UTC 2026","2411","EaseMyTrade Playwright Suite","Index Page Tests","com.easemytrade.tests.IndexPageTest","com.easemytrade.tests.IndexPageTest","testIndexPageNavigation","Index pages have fully functional navigation header",""
"passed","Thu Jul 30 03:51:53 UTC 2026","Thu Jul 30 03:51:53 UTC 2026","3","EaseMyTrade Playwright Suite","Login Page Tests","com.easemytrade.tests.LoginPageTest","com.easemytrade.tests.LoginPageTest","testLoginPageTitle","Login page loads with correct title",""
"passed","Thu Jul 30 03:55:41 UTC 2026","Thu Jul 30 03:55:43 UTC 2026","2432","EaseMyTrade Playwright Suite","Index Page Tests","com.easemytrade.tests.IndexPageTest","com.easemytrade.tests.IndexPageTest","testIndexPageNavigation","Index pages have fully functional navigation header",""
"passed","Thu Jul 30 03:54:17 UTC 2026","Thu Jul 30 03:54:17 UTC 2026","25","EaseMyTrade Playwright Suite","Expert View Tests","com.easemytrade.tests.ExpertViewTest","com.easemytrade.tests.ExpertViewTest","testUniverseDropdownPresence","Universe dropdown is present and shows current selection",""
"passed","Thu Jul 30 03:52:06 UTC 2026","Thu Jul 30 03:52:06 UTC 2026","141","EaseMyTrade Playwright Suite","Signal Logic Tests","com.easemytrade.tests.SignalLogicTest","com.easemytrade.tests.SignalLogicTest","testForwardRecordGuardBlocksFreshSignals","Forward record guard: if net negative record, all indices must be Watchlist Only or No Trade",""
"failed","Thu Jul 30 03:49:46 UTC 2026","Thu Jul 30 03:49:48 UTC 2026","2122","EaseMyTrade Playwright Suite","Navigation Tests","com.easemytrade.tests.NavigationTest","com.easemytrade.tests.NavigationTest","testCommodityPageLoads","All commodity pages load with the commodity name in page title or body",""
"passed","Thu Jul 30 03:52:15 UTC 2026","Thu Jul 30 03:52:15 UTC 2026","129","EaseMyTrade Playwright Suite","Signal Logic Tests","com.easemytrade.tests.SignalLogicTest","com.easemytrade.tests.SignalLogicTest","testNoTradeStateHasNoActionableSignal","No Trade state means signal should not show buy/sell action text",""
"passed","Thu Jul 30 03:51:10 UTC 2026","Thu Jul 30 03:51:10 UTC 2026","46","EaseMyTrade Playwright Suite","Home Page Tests","com.easemytrade.tests.HomePageTest","com.easemytrade.tests.HomePageTest","testHomePageTitle","Home page loads with correct title",""
